지수함수 & 지수함수의 그래프,01-지수함수 & 지수함수의 그래프.mp4
지수함수 그래프의 평행 & 대칭 이동,02-지수함수 그래프의 평행 & 대칭 이동.mp4
지수함수의 최대 최소,03-지수함수의 최대 최소.mp4
지수방정식,04-지수방정식.mp4
지수부등식,05-지수부등식.mp4
로그함수의 그래프,06-로그함수의 그래프.mp4
로그함수 그래프의 평행&대칭 이동,07-로그함수 그래프의 평행&대칭 이동.mp4
로그함수의 최대와 최소,08-로그함수의 최대와 최소.mp4
로그방정식,09-로그방정식.mp4
로그부등식,10-로그부등식.mp4
지수함수와 로그함수의 극한,11-지수함수와 로그함수의 극한.mp4
자연상수 e 및 자연로그,12-자연상수 e 및 자연로그.mp4
지수함수와 로그함수의 도함수,13-지수함수와 로그함수의 도함수.mp4
일반각,14-일반각.mp4
호도법,15-호도법.mp4
두 동경의 위치 관계,16-두 동경의 위치 관계.mp4
삼각함수의 정의,17-삼각함수의 정의.mp4
삼각함수 사이의 관계,18-삼각함수 사이의 관계.mp4
삼각함수의 그래프,19-삼각함수의 그래프.mp4
y=a sin(bx+c)+d,20-y=a sin(bx+c)+d.mp4
삼각함수 변형,21-삼각함수 변형.mp4
기본적인 삼각방정식과 삼각부등식,22-기본적인 삼각방정식과 삼각부등식.mp4
삼각함수 덧셈정리,23-삼각함수 덧셈정리.mp4
삼각함수의 합성,24-삼각함수의 합성.mp4
"배각의 공식, 반각의 공식","25-배각의 공식, 반각의 공식.mp4"
삼각함수의 극한,26-삼각함수의 극한.mp4
사인함수와 코사인 함수의 도함수,27-사인함수와 코사인 함수의 도함수.mp4
합성함수의 미분법,28-합성함수의 미분법.mp4
y=x^n (n은 실수) 의 도함수,29-y=x^n (n은 실수) 의 도함수.mp4
몫의 미분법,30-몫의 미분법.mp4
몫의 미분법 적용,31-몫의 미분법 적용.mp4
역함수의 미분법,32-역함수의 미분법.mp4
이계도함수,33-이계도함수.mp4
접선의 방정식,34-접선의 방정식.mp4
"이계도 함수를 이용한 함수의 극대, 극소 판별법 (이과)","35-이계도 함수를 이용한 함수의 극대, 극소 판별법 (이과).mp4"
"곡선의 오목과 볼록, 변곡점","36-곡선의 오목과 볼록, 변곡점.mp4"
함수의 그래프 개형 그리기,37-함수의 그래프 개형 그리기.mp4
함수의 최댓값과 최솟값,38-함수의 최댓값과 최솟값.mp4
방정식에의 활용,39-방정식에의 활용.mp4
부등식에의 활용,40-부등식에의 활용.mp4
부정적분,41-부정적분.mp4
치환적분,42-치환적분.mp4
치환적분의 적용,43-치환적분의 적용.mp4
부분적분,44-부분적분.mp4
치환적분을 이용한 정적분,45-치환적분을 이용한 정적분.mp4
부분적분법을 이용한 정적분,46-부분적분법을 이용한 정적분.mp4
부피와 적분 - 입체의 부피,47-부피와 적분 - 입체의 부피.mp4
